[
  {
   "id": "1",
     "brand":"Del Monte",
     "product":"Tomato Sauce",
     "img":"https://kitchenconvenienceph.com/cdn/shop/products/DELMONTETOMATOSAUCE1KG_1024x1024@2x.jpg?v=1601036728"
  },
  {
     "id": "2",
     "brand":"Del Monte",
     "product":"Pineapple Juice",
     "img":"https://down-ph.img.susercontent.com/file/fa78886945e46f55c1b8cdf02c97814c"
  },
  {
   "id": "3",
     "brand":"Del Monte",
     "product":"Pineapple Slices",
     "img":"https://www.delmontefoodservice.com/sites/default/files/2023-02/rendition%20%282%29.jpg"
  },
  {
   "id": "4",
     "brand":"Del Monte",
     "product":"Tomato Ketchup",
     "img":"https://kitchenconvenienceph.com/cdn/shop/products/DELMONTEKETCHUP567H_grande.jpg?v=1601036479"
  }
]